section,cognizable,bailable,court,unambiguous,raw_cognizable,raw_bailable,raw_court,offence
1,,,,no,5,,6,2
49,,,,no,as According abetted offence or bailable non-bailable.,as abetted is or,Court by which offence abetted is t r i a ble.,"Abetment of any offence, if the act abetted is committed in consequence, and where no express provision is made for its "
50,,,,no,as According abetted offence or bailable non-bailable.,as abetted is or,Court by which offence abetted is t r i a ble.,"Abetment of any offence, if the person abetted does act with different intention from that of abettor."
51,,,,no,as According abetted offence or bailable non-bailable.,as abetted is or,Court by which offence abetted is triable.,"Abetment of any offence, when one act is abetted and a different act is done; subject to the proviso."
52,,,,no,as According abetted offence or bailable non-bailable.,as abetted is or,Court by which offence abetted is t r i able.,Abettor when liable to cumulative punishment for act abetted and for act done.
53,,,,no,as According abetted offence or bailable non-bailable.,as abetted is or,Court by which offence abetted is t riable.,"Abetment of any offence, when an effect is caused by the act abetted different from that intended by the abettor."
54,,,,no,as According abetted offence or bailable non-bailable. as Non-bailable.,as abetted is or,Court by which offence abetted is t r i a b le. Court by which,"Abetment of any offence, if abettor present when offence is committed. Abetment of an offence,"
55,,,,no,abetted or as Non-bailable. abetted or,,offence abetted is triable. Court by which offence abetted is triable.,"punishable with death or imprisonment for life, if the offence be not committed in consequence of the abetment. If an ac"
56,,,,no,as According abetted offence or bailable non-bailable. as According abetted offe,as abetted is or as abetted is or,Court by which offence abetted is t r i able. Court by which offence abetted is ,"Abetment of an offence, punishable with imprisonment, if the offence be not committed in consequence of the abetment. If"
57,,Bailable,,no,as According abetted offence or bailable non-bailable. as Non-bailable. abetted ,as abetted is or as abetted is or Non-bailable. Bailable. According as offence a,Court by which offence abetted is triable. Court by which offence abetted is tri,Abetting commission of an offence by the public or by more than ten persons. Concealing design to commit offence punisha
61,,,,no,as the which is object of is or,According as offence which is object of conspiracy is bailable or non-bailable.,Court by which abetment of the offence which is the object of conspiracy is tria,"Criminal conspiracy to Same commit an offence abetment punishable with death, offence imprisonment for life or object ri"
62,,,,no,as the offence is or,According as the offence attempted by the offender is bailable or non-bailable.,The court by which the offence attempted is triable.,"Attempting to commit One offence punishable with imprisonment imprisonment for life, life, or imprisonment, and in not s"
64,Cognizable,Non-bailable,Court of Session,yes,Cognizable.,Non-bailable.,Court of Session.,Rape. Rigorous for but imprisonment and
65,Cognizable,Non-bailable,Court of Session,yes,Cognizable.,Non-bailable.,Court of Session.,Persons committing Rigorous offence of rape on a for woman under sixteen but years of age. imprisonment which imprisonme
66,Cognizable,Non-bailable,Court of Session,yes,Cognizable.,Non-bailable.,Court of Session.,Person committing an offence of rape and inflicting injury which causes death or causes the woman to be in a persistent 
67,,Bailable,Court of Session,no,Cognizable (only on the complaint of the victim).,Bailable.,Court of Session.,Sexual intercourse by husband upon his wife during separation.
68,Cognizable,Non-bailable,Court of Session,yes,Cognizable.,Non-bailable.,Court of Session.,"Sexual intercourse by a person in authority, etc."
69,Cognizable,Non-bailable,Court of Session,yes,Cognizable.,Non-bailable.,Court of Session.,"Sexual intercourse by employing deceitful means, etc."
70,Cognizable,Non-bailable,Court of Session,yes,Cognizable.,Non-bailable.,Court of Session.,Gang rape.
71,Cognizable,Non-bailable,Court of Session,yes,Cognizable.,Non-bailable.,Court of Session.,Repeat offenders.
72,Cognizable,Bailable,Any Magistrate,yes,Cognizable.,Bailable.,Any Magistrate.,"Disclosure of identity of the victim of certain offences, etc."
73,Cognizable,Bailable,Any Magistrate,yes,C o g n i z a b le.,Bailable.,Any Magistrate.,Printing or publication of a proceeding without prior permission of court.
74,Cognizable,Non-bailable,,yes,C o g n i zable. Cognizable. Cognizable.,Non-bailable. Non-bailable. Non-bailable.,Any Magistrate. Court of Session. Court of Session.,Assault or use of criminal force to woman with intent to outrage her modesty. Sexual harassment and punishment for sexua
76,Cognizable,Non-bailable,Court of Session,yes,Cognizable.,Non-bailable.,Court of Session.,Assault or use of criminal force to woman with intent to disrobe.
77,Cognizable,,Court of Session,no,Cognizable. Cognizable.,Bailable. Non-bailable.,Court of Session. Court of Session.,Voyeurism. Second or subsequent conviction.
78,Cognizable,,Any Magistrate,no,C o g n izable. C ognizable.,Bailable. Non-bailable.,Any Magistrate. Any Magistrate.,Stalking. Second or subsequent conviction.
79,Cognizable,Bailable,Any Magistrate,yes,Cognizable.,Bailable.,Any Magistrate.,"Uttering any word or making any gesture intended to insult the modesty of a woman, etc."
80,Cognizable,Non-bailable,Court of Session,yes,Cognizable.,Non-bailable.,Court of Session.,Dowry death.
81,Non-cognizable,Non-bailable,Magistrate of the first class,yes,Non- cognizable.,Non-bailable.,Magistrate of the first class.,"A man by deceit causing a woman not lawfully married to him to believe, that she is lawfully married to him and to cohab"
82,,Bailable,Magistrate of the first class,no,,Bailable.,Magistrate of the first class.,Marrying again during the life time of a husband or wife.
83,,Non-bailable,Magistrate of the first class,no,,Non-bailable.,Magistrate of the first class.,"A person with fraudulent intention going through the ceremony of being married, knowing that he is not thereby lawfully "
84,,Bailable,Any Magistrate,no,,Bailable.,Any Magistrate.,Enticing or taking away or detaining with a criminal intent a married woman.
85,,Non-bailable,Magistrate of the first class,no,if relating commission is given officer in of a police by the person by the or b,Non-bailable. of,Magistrate of the first class.,Punishment for subjecting a married woman to cruelty.
87,,Non-bailable,Court of Session,no,,Non-bailable.,Court of Session.,"Kidnapping, abducting or inducing woman to compel her marriage, etc."
88,,Bailable,Magistrate of the first class,no,,Bailable. Bailable.,Magistrate of the first class. Magistrate of the first class.,Causing miscarriage. If the woman be quick with child.
89,Cognizable,Non-bailable,Court of Session,yes,Cognizable.,Non-bailable.,Court of Session.,Causing miscarriage without women's consent.
90,Cognizable,Non-bailable,Court of Session,yes,Cognizable.,Non-bailable.,Court of Session.,Death caused by an act done with intent to cause miscarriage.
91,Cognizable,Non-bailable,Court of Session,yes,C o g nizable.,Non-bailable.,Court of Session.,"Act done with intent to prevent a child being born alive, or to cause it to die after its birth."
92,Cognizable,,,no,C o gnizable. C o gnizable.,Non-bailable. Bailable.,Court of Session. Magistrate of the first class.,Causing death of a quick unborn child by an act amounting to culpable homicide. Exposure of a child under 12 years of ag
94,Cognizable,Bailable,Magistrate of the first class,yes,Cognizable.,Bailable.,Magistrate of the first class.,Concealment of birth by secret disposal of dead body.
95,Cognizable,Non-bailable,Magistrate of the first class,yes,Cognizable. Cognizable.,Non-bailable. Non-bailable.,Magistrate of the first class. Court by which offence committed is triable.,"Hiring, employing or engaging a child to commit an offence. If offence be committed."
96,Cognizable,Non-bailable,Court of Session,yes,C o gnizable.,Non-bailable.,Court of Session.,Procuration of child.
97,Cognizable,Non-bailable,Magistrate of the first class,yes,C o g nizable.,Non-bailable.,Magistrate of the first class.,Kidnapping or abducting a child under ten years with intent to steal from its person.
98,Cognizable,Non-bailable,Court of Session,yes,C ognizable.,Non-bailable.,Court of Session.,"Selling child for purposes of prostitution, etc."
99,Cognizable,Non-bailable,Court of Session,yes,Cognizable.,Non-bailable.,Court of Session.,"Buying child for purposes of prostitution, etc."
103,Cognizable,Non-bailable,Court of Session,yes,Cognizable.,Non-bailable.,Court of Session.,Murder.
104,Cognizable,Non-bailable,Court of Session,yes,Cognizable.,Non-bailable.,Court of Session.,Murder by life-convict.
105,Cognizable,Non-bailable,Court of Session,yes,Cognizable. C o g nizable.,Non-bailable. Non-bailable.,Court of Session. Court of Session.,"Culpable homicide not amounting to murder, if act by which the death is caused is done with intention of causing death, "
106,Cognizable,Bailable,Magistrate of the first class,yes,C ognizable. C o g n i zable.,Bailable. Bailable.,Magistrate of the first class. Magistrate of the first class.,Causing death by negligence. Causing death by negligence by registered medical practitioner.
107,Cognizable,Non-bailable,Court of Session,yes,Cognizable.,Non-bailable.,Court of Session.,"Abetment of suicide of child or person of unsound mind, etc."
108,Cognizable,Non-bailable,Court of Session,yes,C o gnizable.,Non-bailable.,Court of Session.,Abetment of suicide.
109,Cognizable,Non-bailable,Court of Session,yes,C ognizable. Cognizable.,Non-bailable. Non-bailable.,Court of Session. Court of Session.,Attempt to murder. If such act causes hurt to any person.
110,Cognizable,Non-bailable,Court of Session,yes,Cognizable. Cognizable.,Non-bailable. Non-bailable.,Court of Session. Court of Session.,Attempt to commit culpable homicide. If such act causes hurt to any person.
111,Cognizable,Non-bailable,Court of Session,yes,Cognizable.,Non-bailable.,Court of Session.,O r ganised crime resulting in death of any person.
112,Cognizable,Non-bailable,Magistrate of the first class,yes,Cognizable.,Non-bailable.,Magistrate of the first class.,Petty Organised crime.
113,Cognizable,Non-bailable,Court of Session,yes,Cognizable.,Non-bailable.,Court of Session.,Terrorist act resulting in the death of any person.
117,Cognizable,Bailable,Any Magistrate,yes,Cognizable.,Bailable.,Any Magistrate.,Voluntarily causing grievous hurt.
118,Cognizable,Non-bailable,Any Magistrate,yes,Cognizable.,Non-bailable.,Any Magistrate.,Voluntarily causing hurt by dangerous weapons or means.
119,Cognizable,Non-bailable,Magistrate of the first class,yes,Cognizable.,Non-bailable.,Magistrate of the first class.,"Voluntarily causing hurt to extort property, or to constrain to an illegal act."
120,Cognizable,Bailable,Magistrate of the first class,yes,Cognizable.,Bailable.,Magistrate of the first class.,"Voluntarily causing hurt to extort confession or information, or to compel restoration of property, etc."
121,Cognizable,Non-bailable,Magistrate of the first class,yes,Cognizable.,Non-bailable.,Magistrate of the first class.,Voluntarily causing hurt to deter public servant from his duty.
122,Non-cognizable,Bailable,Any Magistrate,yes,Non- cognizable.,Bailable.,Any Magistrate.,"Voluntarily causing hurt on grave and sudden provocation, not intending to hurt any other than the person who gave the p"
123,Cognizable,Non-bailable,Court of Session,yes,Cognizable.,Non-bailable.,Court of Session.,"Causing hurt by means of poison, etc., with intent to commit an offence."
124,Cognizable,Non-bailable,Court of Session,yes,Cognizable.,Non-bailable.,Court of Session.,"Voluntarily causing grievous hurt by use of acid, etc."
125,Cognizable,Bailable,Any Magistrate,yes,Cognizable. Cognizable. C o g nizable.,Bailable. Bailable. Bailable.,Any Magistrate. Any Magistrate. Any Magistrate.,Doing any act endangering human life or personal safety of others. Where hurt is caused. Where grievous hurt is caused.
126,Cognizable,Bailable,Any Magistrate,yes,Cognizable.,Bailable.,Any Magistrate.,Wrongfully restraining any person.
127,Cognizable,Bailable,Any Magistrate,yes,C o gnizable.,Bailable.,Any Magistrate.,Wrongfully confining any person.
131,Non-cognizable,Bailable,Any Magistrate,yes,Non- cognizable.,Bailable.,Any Magistrate.,Assault or criminal force otherwise than on grave provocation.
132,Cognizable,Non-bailable,Any Magistrate,yes,Cognizable.,Non-bailable.,Any Magistrate.,Assault or use of criminal force to deter public servant from discharge of his duty.
133,Non-cognizable,Bailable,Any Magistrate,yes,Non- cognizable.,Bailable.,Any Magistrate.,"Assault or criminal force with intent to dishonour a person, otherwise than on grave and sudden provocation."
134,Cognizable,Bailable,Any Magistrate,yes,Cognizable.,Bailable.,Any Magistrate.,Assault or criminal force in attempt to commit theft of property worn or carried by a person.
135,Cognizable,Bailable,Any Magistrate,yes,Cognizable.,Bailable.,Any Magistrate.,Assault or use of criminal force in attempt wrongfully to confine a person.
136,Non-cognizable,Bailable,Any Magistrate,yes,Non- cognizable.,Bailable.,Any Magistrate.,Assault or use of criminal force on grave and sudden provocation.
137,Cognizable,Bailable,Magistrate of the first class,yes,Cognizable.,Bailable.,Magistrate of the first class.,Kidnapping.
139,Cognizable,Non-bailable,Magistrate of the first class,yes,Cognizable.,Non-bailable.,Magistrate of the first class.,Kidnapping a child for purposes of begging.
140,Cognizable,Non-bailable,Court of Session,yes,Cognizable.,Non-bailable.,Court of Session.,Kidnapping or abducting in order to murder.
141,Cognizable,Non-bailable,Court of Session,yes,Cognizable.,Non-bailable.,Court of Session.,Importation of a girl or boy from foreign country.
142,Cognizable,Non-bailable,,yes,Cognizable.,Non-bailable.,Court by which the kidnapping or abduction is triable.,"Wrongfully concealing or keeping in confinement, kidnapped or abducted person."
143,Cognizable,Non-bailable,Court of Session,yes,Cognizable.,Non-bailable.,Court of Session.,Trafficking of person.
144,Cognizable,Non-bailable,Court of Session,yes,Cognizable.,Non-bailable.,Court of Session.,Exploitation of a trafficked child.
145,Cognizable,Non-bailable,Court of Session,yes,Cognizable.,Non-bailable.,Court of Session.,Habitual dealing in slaves.
146,Cognizable,Bailable,Any Magistrate,yes,Cognizable.,Bailable.,Any Magistrate.,Unlawful compulsory labour.
147,Cognizable,Non-bailable,Court of Session,yes,Cognizable.,Non-bailable.,Court of Session.,"Waging or attempting to wage war, or abetting the waging of war, against the Government of India."
148,Cognizable,Non-bailable,Court of Session,yes,Cognizable.,Non-bailable.,Court of Session.,Conspiring to commit certain offences against the State.
149,Cognizable,Non-bailable,Court of Session,yes,Cognizable.,Non-bailable.,Court of Session.,"Collecting arms, etc., with the intention of waging war against the Government of India."
150,Cognizable,Non-bailable,Court of Session,yes,C o g n izable.,Non-bailable.,Court of Session.,Concealing with intent to facilitate a design to wage war.
151,Cognizable,Non-bailable,Court of Session,yes,C o g n izable.,Non-bailable.,Court of Session.,"Assaulting President, Governor, etc., with intent to compel or restrain the exercise of any lawful power."
152,Cognizable,Non-bailable,Court of Session,yes,Cognizable.,Non-bailable.,Court of Session.,"Act endangering sovereignty, unity and integrity of India."
153,Cognizable,Non-bailable,Court of Session,yes,Cognizable.,Non-bailable.,Court of Session.,Waging war against Government of any foreign State at peace with the Government of India.
154,Cognizable,Non-bailable,Court of Session,yes,Cognizable.,Non-bailable.,Court of Session.,Committing depredation on the territories of any foreign state at peace with the Government of India.
155,Cognizable,Non-bailable,Court of Session,yes,Cognizable.,Non-bailable.,Court of Session.,Receiving property taken by war or depredation mentioned in sections 153 and 154.
156,Cognizable,Non-bailable,Court of Session,yes,Cognizable.,Non-bailable.,Court of Session.,Public servant voluntarily allowing prisoner of state or war in his custody to escape.
157,Cognizable,Bailable,Magistrate of the first class,yes,Cognizable.,Bailable.,Magistrate of the first class.,Public servant negligently suffering prisoner of State or war in his custody to escape.
158,Cognizable,Non-bailable,Court of Session,yes,Cognizable.,Non-bailable.,Court of Session.,"Aiding escape of, rescuing or harbouring such prisoner."
159,Cognizable,Non-bailable,Court of Session,yes,Cognizable.,Non-bailable.,Court of Session.,"Abetting mutiny, or attempting to seduce an officer, soldier, sailor or airman from his allegiance or duty."
160,Cognizable,Non-bailable,Court of Session,yes,Cognizable.,Non-bailable.,Court of Session.,"Abetment of mutiny, if mutiny is committed in consequence thereof."
161,Cognizable,Non-bailable,Magistrate of the first class,yes,C o gnizable.,Non-bailable.,Magistrate of the first class.,"Abetment of assault by an officer, soldier, sailor or airman on his superior officer, when in execution of his office."
162,Cognizable,Non-bailable,Magistrate of the first class,yes,C o g n i z able.,Non-bailable.,Magistrate of the first class.,"Abetment of such assault, if the assault committed."
163,Cognizable,Bailable,Any Magistrate,yes,C ognizable.,Bailable.,Any Magistrate.,"Abetment of the desertion of an officer, soldier, sailor or airman."
164,Cognizable,Bailable,Any Magistrate,yes,C o g n i zable.,Bailable.,Any Magistrate.,Harbouring deserter.
165,Non-cognizable,Bailable,Any Magistrate,yes,Non- cognizable.,Bailable.,Any Magistrate.,Deserter concealed on board merchant vessel through negligence of master or person in charge thereof.
166,Cognizable,Bailable,Any Magistrate,yes,C ognizable.,Bailable.,Any Magistrate.,"Abetment of act of insubordination by an officer, soldier, sailor or airman if the offence be committed in consequence."
168,Cognizable,Bailable,Any Magistrate,yes,Cognizable.,Bailable.,Any Magistrate.,"Wearing garb or carrying token used by soldier, sailor or airman."
173,Non-cognizable,Bailable,Magistrate of the first class,yes,Non- cognizable.,Bailable.,Magistrate of the first class.,Bribery.
174,Non-cognizable,Bailable,Magistrate of the first class,yes,N o n- cognizable.,Bailable.,Magistrate of the first class.,Undue influence or personation at an election.
175,Non-cognizable,Bailable,Magistrate of the first class,yes,Non- cognizable.,Bailable.,Magistrate of the first class.,False statement in connection with an election.
176,Non-cognizable,Bailable,Magistrate of the first class,yes,Non- cognizable.,Bailable.,Magistrate of the first class.,Illegal payments in connection with elections.
177,Non-cognizable,Bailable,Magistrate of the first class,yes,Non- cognizable.,Bailable.,Magistrate of the first class.,Failure to keep election accounts.
178,Cognizable,Non-bailable,Court of Session,yes,Cognizable.,Non-bailable.,Court of Session.,"Counterfeiting coins, government stamps, currency-notes or bank- notes."
179,Cognizable,Non-bailable,Court of Session,yes,Cognizable.,Non-bailable.,Court of Session.,"Using as genuine forged or counterfeit coin, Government stamp currency-notes or bank- notes."
180,Cognizable,Non-bailable,Court of Session,yes,C o g n izable.,Non-bailable.,Court of Session.,"Possession of forged or counterfeit coin, Government stamp, currency-notes or bank- notes."
181,Cognizable,Non-bailable,Court of Session,yes,Cognizable.,Non-bailable.,Court of Session.,"Making, buying, selling or possessing machinery, instrument or material for forging or counterfeiting coins, Government "
182,Non-cognizable,Bailable,Any Magistrate,yes,Non- cognizable.,Bailable.,Any Magistrate.,Making or using documents resembling currency-notes or bank- notes.
183,Cognizable,Bailable,Magistrate of the first class,yes,Cognizable.,Bailable.,Magistrate of the first class.,"Effacing any writing from a substance bearing a Government stamp, removing from a document a stamp used for it, with int"
184,Cognizable,Bailable,Any Magistrate,yes,Cognizable.,Bailable.,Any Magistrate.,Using a Government stamp known to have been before used.
185,Cognizable,Bailable,Magistrate of the first class,yes,Cognizable.,Bailable.,Magistrate of the first class.,Erasure of mark denoting that stamps have been used.
186,Cognizable,Bailable,Any Magistrate,yes,Cognizable.,Bailable.,Any Magistrate.,Fictitious stamps.
187,Cognizable,Non-bailable,Magistrate of the first class,yes,Cognizable.,Non-bailable.,Magistrate of the first class.,Person employed in a Mint causing coin to be of a different weight or composition from that fixed by law.
188,Cognizable,Non-bailable,Magistrate of the first class,yes,Cognizable.,Non-bailable.,Magistrate of the first class.,Unlawfully taking from a Mint any coining instrument.
189,Cognizable,Bailable,Any Magistrate,yes,Cognizable.,Bailable.,Any Magistrate.,Being member of an unlawful assembly.
190,,,,no,According as offence is cognizable or non- cognizable.,According as offence is bailable or non-is bailable.,The Court by which the offence triable.,Every member of unlawful assembly guilty of offence committed in prosecution of common object.
191,Cognizable,Bailable,Any Magistrate,yes,C o gnizable.,Bailable.,Any Magistrate.,Rioting.
192,Cognizable,Bailable,Any Magistrate,yes,C ognizable. C o g n izable.,Bailable. Bailable.,Any Magistrate. Any Magistrate.,"Wantonly giving provocation with intent to cause riot, if rioting be committed. If not committed."
193,Non-cognizable,Bailable,Any Magistrate,yes,Non- cognizable.,Bailable.,Any Magistrate.,"Owner or occupier of land not giving information of riot, etc."
194,Cognizable,Bailable,Any Magistrate,yes,Cognizable.,Bailable.,Any Magistrate.,Committing affray.
195,Cognizable,Bailable,Magistrate of the first class,yes,C o g nizable.,Bailable.,Magistrate of the first class.,"Assaulting or obstructing public servant when suppressing riot, etc."
196,Cognizable,Non-bailable,Magistrate of the first class,yes,C o g n i z able.,Non-bailable.,Magistrate of the first class.,"Promoting enmity between different groups on ground of religion, race, place of birth, residence, language, etc., and do"
197,Cognizable,Non-bailable,Magistrate of the first class,yes,C o g nizable.,Non-bailable.,Magistrate of the first class.,"Imputations, assertions prejudicial to national integration."
198,Non-cognizable,Bailable,Magistrate of the first class,yes,Non- cognizable.,Bailable.,Magistrate of the first class.,Public servant disobeying direction of the law with intent to cause injury to any person.
199,Cognizable,Bailable,Magistrate of the first class,yes,Cognizable.,Bailable.,Magistrate of the first class.,Public servant disobeying direction under law.
200,Non-cognizable,Bailable,Magistrate of the first class,yes,N o n - cognizable.,Bailable.,Magistrate of the first class.,Non-treatment of victim by hospital.
201,Cognizable,Bailable,Magistrate of the first class,yes,C o gnizable.,Bailable.,Magistrate of the first class.,Public servant framing an incorrect document with intent to cause injury.
202,Non-cognizable,Bailable,Magistrate of the first class,yes,Non- cognizable.,Bailable.,Magistrate of the first class.,Public servant unlawfully engaging in trade.
203,Non-cognizable,Bailable,,yes,Non- cognizable.,Bailable.,Magistrate f the firstclass.,Public servant unlawfully buying or bidding for property.
204,Cognizable,Non-bailable,Any Magistrate,yes,Cognizable.,Non-bailable.,Any Magistrate.,Personating a public servant.
205,,Bailable,Any Magistrate,no,C o g n izable. Non- cognizable. Non- cognizable. Non- cognizable. Non- cognizab,Bailable. Bailable. Bailable. Bailable. Bailable. Bailable. Bailable.,Any Magistrate. Any Magistrate. Any Magistrate. Any Magistrate. Any Magistrate. ,Wearing garb or carrying token used by public servant with fraudulent intent. Absconding to avoid service of summons or 
209,,,,no,C o g n i z able. C o g n i z able. Non- cognizable. N on- cognizable. Non- cogn,Non-bailable. Non-bailable. Bailable. Bailable. Bailable. Bailable. Bailable. Ba,Magistrate of the first class. Magistrate of the first class. The Court in which,Non-appearance in response to a proclamation under section 84 of this Sanhita. In a case where declaration has been made
213,Non-cognizable,Bailable,,yes,Non- cognizable.,"Bailable. The the committed, to Chapter or, committed, Court, Magistrate.",Court in which offence is subject the provisions of XXVIII; if not in a any,Refusing oath when duly required to take oath by a public servant.
214,Non-cognizable,Bailable,,yes,Non- cognizable.,"Bailable. The the committed, to Chapter or, committed, Court, Magistrate.",Court in which offence is subject the provisions of XXVIII; if not in a any,"Being legally bound to state truth, and refusing to answer public servant authorised to question."
215,Non-cognizable,Bailable,,yes,Non- cognizable.,"Bailable. The the committed, to Chapter or, committed, Court, Magistrate.",Court in which offence is subject the provisions of XXVIII; if not in a any,Refusing to sign a statement made to a public servant when legally required to do so.
216,Non-cognizable,Bailable,,yes,N o n - cognizable.,Bailable. Magistrate first,of the class.,Knowingly stating to a public servant on oath as true that which is false.
217,Non-cognizable,Bailable,,yes,N o n - cognizable.,Bailable. Any,Magistrate.,Giving false information to a public servant in order to cause him to use his lawful power to the injury or annoyance of
218,Non-cognizable,Bailable,,yes,N o n - cognizable.,Bailable. Any,Magistrate.,Resistance to the taking of property by the lawful authority of a public servant.
219,Non-cognizable,Bailable,Any Magistrate,yes,N o n - cognizable.,Bailable.,Any Magistrate.,Obstructing sale of property offered for sale by authority of a public servant.
220,Non-cognizable,Bailable,Any Magistrate,yes,N o n- cognizable.,Bailable.,Any Magistrate.,Illegal purchase or bid for property offered for sale by authority of public servant.
221,,Bailable,Any Magistrate,no,N on- cognizable. Non- cognizable. Non- cognizable. Cognizable. C o g nizable.,Bailable. Bailable. Bailable. Bailable. Bailable.,Any Magistrate. Any Magistrate. Any Magistrate. Any Magistrate. Any Magistrate.,Obstructing public servant in discharge of his public functions. Omission to assist public servant when bound by law to 
224,Non-cognizable,Bailable,Any Magistrate,yes,N o n- cognizable.,Bailable.,Any Magistrate.,"Threat of injury to public servant, etc."
225,Non-cognizable,Bailable,Any Magistrate,yes,N o n - cognizable.,Bailable.,Any Magistrate.,Threat of injury to induce person to refrain from applying for protection to public servant.
226,Non-cognizable,Bailable,Any Magistrate,yes,N o n- cognizable.,Bailable.,Any Magistrate.,Attempt to commit suicide to compel or restraint exercise of lawful power.
229,Non-cognizable,Bailable,Magistrate of the first class,yes,N o n - cognizable.,Bailable.,Magistrate of the first class.,Intentionally giving or fabricating false evidence in a judicial proceeding.
230,Non-cognizable,Non-bailable,Court of Session,yes,Non- cognizable.,Non-bailable.,Court of Session.,Giving or fabricating false evidence with intent to cause any person to be convicted of capital offence.
231,Non-cognizable,Non-bailable,Court of Session,yes,Non- cognizable.,Non-bailable.,Court of Session.,Giving or fabricating false evidence with intent to procure conviction of an offence punishable with imprisonment for li
232,Cognizable,Non-bailable,,yes,C o g n izable.,Non-bailable.,Court by which offence of giving false evidence is triable.,Threatening any person to give false evidence.
233,Non-cognizable,Bailable,,yes,Non- cognizable.,According as offence of giving such evidence is bailable or non-triable. bailabl,Court by which offence of giving or fabricating false evidence is,Using in a judicial proceeding evidence known to be false or fabricated.
234,Non-cognizable,Bailable,,yes,Non- cognizable.,Bailable.,Court by which offence of giving false evidence is triable.,Knowingly issuing or signing a false certificate relating to any fact of which such certificate is by law admissible in 
235,Non-cognizable,Bailable,,yes,Non- cognizable.,Bailable.,Court by which offence of giving false evidence is triable.,Using as a true certificate one known to be false in a material point.
236,Non-cognizable,Bailable,,yes,Non- cognizable.,Bailable.,Court by which offence of giving false evidence is triable.,False statement made in any declaration which is by law receivable as evidence.
237,Non-cognizable,Bailable,,yes,Non- cognizable. A c c o r ding as the offence in relation to which disappearanc,Bailable. Bailable. Bailable. Bailable.,Court by which offence of giving false evidence is triable. Court of Session. Ma,"Using as true any such declaration known to be false. Causing disappearance of evidence of an offence committed, or givi"
239,Non-cognizable,Bailable,Any Magistrate,yes,N on- cognizable.,Bailable.,Any Magistrate.,Intentional omission to give information of an offence by a person legally bound to inform.
240,Non-cognizable,Bailable,Any Magistrate,yes,N o n - cognizable.,Bailable.,Any Magistrate.,Giving false information respecting an offence committed.
241,Non-cognizable,Bailable,Magistrate of the first class,yes,N on- cognizable.,Bailable.,Magistrate of the first class.,Secreting or destroying any document to prevent its production as evidence.
242,Non-cognizable,Bailable,Magistrate of the first class,yes,N on- cognizable.,Bailable.,Magistrate of the first class.,"False personation for the purpose of any act or proceeding in a suit or criminal prosecution, or for becoming bail or se"
243,Non-cognizable,Bailable,Any Magistrate,yes,N on- cognizable.,Bailable.,Any Magistrate.,"Fraudulent removal or concealment, etc., of property to prevent its seizure as a forfeiture or in satisfaction of a fine"
244,Non-cognizable,Bailable,Any Magistrate,yes,N o n - cognizable.,Bailable.,Any Magistrate.,"Claiming property without right, or practising deception touching any right to it, to prevent its being taken as a forfe"
245,Non-cognizable,Bailable,Magistrate of the first class,yes,N o n - cognizable.,Bailable.,Magistrate of the first class.,"Fraudulently suffering a decree to pass for a sum not due, or suffering decree to be executed after it has been satisfie"
246,Non-cognizable,Bailable,Magistrate of the first class,yes,N on- cognizable.,Bailable.,Magistrate of the first class.,False claim in a Court.
247,,Bailable,,no,N o n - cognizable. N o n - c o g n izable. N o n - cognizable. C o g n i zable.,Bailable. Bailable. Bailable. Bailable. Bailable. Bailable. Bailable. Bailable. ,Magistrate of the first class. Magistrate of the first class. Court of Session. ,"Fraudulently obtaining a decree for a sum not due, or causing a decree to be executed after it has been satisfied. False"
252,Cognizable,Bailable,Magistrate of the first class,yes,C o g n izable. C ognizable. C o g n i zable. Cognizable.,Bailable. Bailable. Bailable. Bailable.,Magistrate of the first class. Magistrate of the first class. Magistrate of the ,Taking gift to help to recover movable property of which a person has been deprived by an offence without causing appreh
254,Cognizable,Bailable,Magistrate of the first class,yes,Cognizable.,Bailable.,Magistrate of the first class.,Harbouring robbers or dacoits.
255,Non-cognizable,Bailable,Any Magistrate,yes,N on- cognizable.,Bailable.,Any Magistrate.,"Public servant disobeying a direction of law with intent to save person from punishment, or property from forfeiture."
256,Cognizable,Bailable,Magistrate of the first class,yes,C o g nizable.,Bailable.,Magistrate of the first class.,"Public servant framing an incorrect record or writing with intent to save person from punishment, or property from forfe"
257,Non-cognizable,Bailable,Magistrate of the first class,yes,N o n- cognizable.,Bailable.,Magistrate of the first class.,"Public servant in a judicial proceeding corruptly making and pronouncing an order, report, etc. contrary to law."
258,,,,no,N o n - cognizable. A c c o r d i ng as the offence in relation to which such om,Bailable. Bailable. Bailable. Bailable. Non-bailable. Non-bailable. Bailable.,Magistrate of the first class. Magistrate of the first class. Magistrate of the ,"Commitment for trial or confinement by a person having authority, who knows that he is acting contrary to law. Intention"
261,Non-cognizable,Bailable,Any Magistrate,yes,Non- cognizable.,Bailable.,Any Magistrate.,Escape from confinement negligently suffered by a public servant.
262,Cognizable,,,no,C o g n izable. C o g nizable. C o gnizable. C o gnizable. C ognizable. Cognizab,Bailable. Bailable. Non-bailable. Non-bailable. Non-bailable. Non-bailable.,Any Magistrate. Any Magistrate. Magistrate of the first class. Magistrate of the,Resistance or obstruction by a person to his lawful apprehension. Resistance or obstruction to the lawful apprehension o
264,Non-cognizable,Bailable,,yes,N o n - cognizable. Non- cognizable.,Bailable. Bailable.,Magistrate of the first class. Any Magistrate.,"Omission to apprehend, or sufferance of escape on part of public servant, in cases not otherwise provided for:-- (a) in "
265,Cognizable,Bailable,Any Magistrate,yes,C o g n izable.,Bailable.,Any Magistrate.,"Resistance or obstruction to lawful apprehension, or escape or rescue in cases not otherwise provided for."
266,Cognizable,Non-bailable,,yes,Cognizable.,Non-bailable.,The Court by which the original offence was triable.,Violation of condition of remission of punishment.
267,Non-cognizable,Bailable,,yes,Non- cognizable.,Bailable.,"The Court in which the offence is committed, subject to the provisions of Chapte",Intentional insult or interruption to a public servant sitting in any stage of a judicial proceeding.
268,Non-cognizable,Bailable,Magistrate of the first class,yes,N o n - cognizable.,Bailable.,Magistrate of the first class.,Personation of an assessor.
269,Cognizable,Non-bailable,Any Magistrate,yes,C o g nizable.,Non-bailable.,Any Magistrate.,Failure by person released on bond or bail bond to appear in Court.
271,Cognizable,Bailable,Any Magistrate,yes,C o g n izable.,Bailable.,Any Magistrate.,Negligently doing any act known to be likely to spread infection of any disease dangerous to life.
272,Cognizable,Bailable,Any Magistrate,yes,C o g n izable.,Bailable.,Any Magistrate.,Malignantly doing any act known to be likely to spread infection of any disease dangerous to life.
273,Non-cognizable,Bailable,Any Magistrate,yes,N o n - cognizable.,Bailable.,Any Magistrate.,Knowingly disobeying any quarantine rule.
274,Non-cognizable,Bailable,Any Magistrate,yes,N o n - cognizable.,Bailable.,Any Magistrate.,"Adulterating food or drink intended for sale, so as to make the same noxious."
275,Non-cognizable,Bailable,Any Magistrate,yes,N o n - cognizable.,Bailable.,Any Magistrate.,"Selling any food or drink as food and drink, knowing the same to be noxious."
276,Non-cognizable,Non-bailable,Any Magistrate,yes,N o n - cognizable.,Non-bailable.,Any Magistrate.,"Adulterating any drug or medical preparation intended for sale so as to lessen its efficacy, or to change its operation,"
277,Non-cognizable,Bailable,Any Magistrate,yes,N o n - cognizable.,Bailable.,Any Magistrate.,Sale of adulterated drugs.
278,Non-cognizable,Bailable,Any Magistrate,yes,N o n - cognizable.,Bailable.,Any Magistrate.,Knowingly selling of drug as a different drug or preparation.
279,Cognizable,Bailable,Any Magistrate,yes,C o g n i zable.,Bailable.,Any Magistrate.,Fouling water of public spring or reservoir.
280,Non-cognizable,Bailable,Any Magistrate,yes,Non- cognizable.,Bailable.,Any Magistrate.,Making atmosphere noxious to health.
281,Cognizable,Bailable,Any Magistrate,yes,C o g n izable.,Bailable.,Any Magistrate.,Rash driving or riding on a public way.
282,Cognizable,Bailable,Any Magistrate,yes,C o g n izable.,Bailable.,Any Magistrate.,Rash navigation of vessel.
283,Cognizable,Bailable,Magistrate of the first class,yes,C o g n izable.,Bailable.,Magistrate of the first class.,"Exhibition of a false light, mark or buoy."
284,Cognizable,Bailable,Any Magistrate,yes,C o g n i z able.,Bailable.,Any Magistrate.,Conveying person by water for hire in unsafe or overloaded vessel.
285,Cognizable,Bailable,Any Magistrate,yes,Cognizable.,Bailable.,Any Magistrate.,Causing danger or obstruction in public way or line of navigation.
286,Cognizable,Bailable,Any Magistrate,yes,C o g n izable.,Bailable.,Any Magistrate.,Negligent conduct with respect to poisonous substance.
287,Cognizable,Bailable,Any Magistrate,yes,C o g n izable.,Bailable.,Any Magistrate.,Negligent conduct with respect to fire or combustible matter.
288,Cognizable,Bailable,Any Magistrate,yes,C o gnizable.,Bailable.,Any Magistrate.,Negligent conduct with respect to explosive substance.
289,Non-cognizable,Bailable,Any Magistrate,yes,N o n - cognizable.,Bailable.,Any Magistrate.,Negligent conduct with respect to machinery.
290,Non-cognizable,Bailable,Any Magistrate,yes,N on- cognizable.,Bailable.,Any Magistrate.,"Negligent conduct with respect to pulling down, repairing or constructing buildings, etc."
291,Cognizable,Bailable,Any Magistrate,yes,C o g n izable.,Bailable.,Any Magistrate.,Negligent conduct with respect to animal.
292,Non-cognizable,Bailable,Any Magistrate,yes,Non- cognizable.,Bailable.,Any Magistrate.,Committing public nuisance in cases not otherwise provided for.
293,Cognizable,Bailable,Any Magistrate,yes,Cognizable.,Bailable.,Any Magistrate.,Continuance of nuisance after injunction to discontinue.
294,Cognizable,Bailable,Any Magistrate,yes,Cognizable.,Bailable.,Any Magistrate.,"Sale, etc., of obscene books, etc."
295,Cognizable,Bailable,Any Magistrate,yes,Cognizable.,Bailable.,Any Magistrate.,"Sale, etc., of obscene objects to child."
296,Cognizable,Bailable,Any Magistrate,yes,C o g n i zable.,Bailable.,Any Magistrate.,Obscene acts and songs.
297,Non-cognizable,Bailable,Any Magistrate,yes,N o n- cognizable.,Bailable.,Any Magistrate.,Keeping a lottery office.
298,Cognizable,Non-bailable,Any Magistrate,yes,C o g n izable.,Non-bailable.,Any Magistrate.,"Defiling, etc., place of worship, with intent to insult the religion of any class."
299,Cognizable,Non-bailable,Magistrate of the first class,yes,C o g nizable.,Non-bailable.,Magistrate of the first class.,"Deliberate and malicious acts, intended to outrage religious feelings of any class by insulting its religion or religiou"
300,Cognizable,Bailable,Any Magistrate,yes,C o g n izable.,Bailable.,Any Magistrate.,Disturbing religious assembly.
301,Cognizable,Bailable,Any Magistrate,yes,C o g nizable.,Bailable.,Any Magistrate.,"Trespassing on burial places, etc."
302,Non-cognizable,Bailable,Any Magistrate,yes,N o n - cognizable.,Bailable.,Any Magistrate.,"Uttering words, etc., with deliberate intent to wound religious feelings."
303,,,Any Magistrate,no,Cognizable. Non- cognizable.,Non-bailable. Bailable.,Any Magistrate. Any Magistrate.,"Theft. Where value of property is less than 5,000 rupees."
304,Cognizable,Non-bailable,Any Magistrate,yes,C o g nizable.,Non-bailable.,Any Magistrate.,Snatching.
305,Cognizable,Non-bailable,Any Magistrate,yes,C o g n i z able.,Non-bailable.,Any Magistrate.,"Theft in a dwelling house, or means of transportation or place of worship, etc."
306,Cognizable,Non-bailable,Any Magistrate,yes,C o g nizable.,Non-bailable.,Any Magistrate.,Theft by clerk or servant of property in possession of master or employer.
308,Cognizable,Non-bailable,Magistrate of the first class,yes,C o gnizable.,Non-bailable.,Magistrate of the first class.,Extortion.
309,Cognizable,Non-bailable,Magistrate of the first class,yes,Cognizable. Cognizable.,Non-bailable. Non-bailable.,Magistrate of the first class. Magistrate of the first class.,Robbery. If robbery committed on highway between sunset and sunrise.
310,Cognizable,Non-bailable,Court of Session,yes,Cognizable.,Non-bailable.,Court of Session.,Dacoity.
311,Cognizable,Non-bailable,Court of Session,yes,Cognizable.,Non-bailable.,Court of Session.,"Robbery or dacoity, with attempt to cause death or grievous hurt."
312,Cognizable,Non-bailable,Court of Session,yes,Cognizable.,Non-bailable.,Court of Session.,Attempt to commit robbery or dacoity when armed with deadly weapon.
313,Cognizable,Non-bailable,Magistrate of the first class,yes,Cognizable.,Non-bailable.,Magistrate of the first class.,Belonging to a wandering gang of persons associated for the purpose of habitually committing thefts.
314,Non-cognizable,Bailable,Any Magistrate,yes,Non- cognizable.,Bailable.,Any Magistrate.,"Dishonest misappropriation of movable property, or converting it to one's own use."
315,Non-cognizable,Bailable,Magistrate of the first class,yes,N o n - cognizable. N o n - cognizable.,Bailable. Bailable.,Magistrate of the first class. Magistrate of the first class.,Dishonest misappropriation of property possessed by deceased person at the time of his death. If by clerk or person empl
316,Cognizable,Non-bailable,Magistrate of the first class,yes,C o g n izable.,Non-bailable.,Magistrate of the first class.,Criminal breach of trust.
317,Cognizable,Non-bailable,Any Magistrate,yes,C o g n i z able.,Non-bailable.,Any Magistrate.,Dishonestly receiving stolen property knowing it to be stolen.
318,Non-cognizable,Bailable,Any Magistrate,yes,N o n - cognizable.,Bailable.,Any Magistrate.,Cheating.
319,Cognizable,Bailable,Any Magistrate,yes,C o g nizable,Bailable.,Any Magistrate.,Cheating by personation.
320,Non-cognizable,Bailable,Any Magistrate,yes,Non- cognizable.,Bailable.,Any Magistrate.,"Fraudulent removal or concealment of property, etc., to prevent distribution among creditors."
321,Non-cognizable,Bailable,Any Magistrate,yes,N o n - cognizable.,Bailable.,Any Magistrate.,Dishonest or fraudulently preventing from being made available for his creditors a debt or demand due to the offender.
322,Non-cognizable,Bailable,Any Magistrate,yes,N o n - cognizable.,Bailable.,Any Magistrate.,Dishonest or fraudulent execution of deed of transfer containing a false statement of consideration.
323,Non-cognizable,Bailable,Any Magistrate,yes,N o n - cognizable.,Bailable.,Any Magistrate.,"Fraudulent removal or concealment of property, of himself or any other person or assisting in the doing thereof, or dish"
324,Non-cognizable,Bailable,Any Magistrate,yes,N on- cognizable.,Bailable.,Any Magistrate.,Mischief.
325,,,,no,C o g n i zable. C ognizable. C o g n i zable. C o gnizable. Cognizable. N o n -,Bailable. Bailable. Bailable. Bailable. Bailable. Bailable. Bailable. Non-bailab,Magistrate of the first class. Magistrate of the first class. Magistrate of the ,"Mischief by killing or maiming animal. Mischief by causing diminution of supply of water for agricultural purposes, etc."
327,Cognizable,Non-bailable,Court of Session,yes,Cognizable.,Non-bailable.,Court of Session.,Mischief with intent to destroy or make unsafe a decked vessel or a vessel of 20 tonnes burden.
328,Cognizable,Non-bailable,Court of Session,yes,C o g n i zable.,Non-bailable.,Court of Session.,"Running vessel with intent to commit theft, etc."
329,Cognizable,Bailable,Any Magistrate,yes,C o g nizable.,Bailable.,Any Magistrate.,Criminal trespass.
331,Cognizable,Non-bailable,Any Magistrate,yes,C o g n izable.,Non-bailable.,Any Magistrate.,Lurking house-trespass or house-breaking.
333,Cognizable,Non-bailable,Any Magistrate,yes,C ognizable.,Non-bailable.,Any Magistrate.,"House-trespass, having made preparation for causing hurt, assault, etc."
334,Cognizable,Non-bailable,Any Magistrate,yes,C o g n i zable.,Non-bailable.,Any Magistrate.,Dishonestly breaking open or unfastening any closed receptacle containing or supposed to contain property.
336,Non-cognizable,Bailable,Magistrate of the first class,yes,N o n - cognizable.,Bailable.,Magistrate of the first class.,Forgery.
337,Non-cognizable,Non-bailable,Magistrate of the first class,yes,N o n - cognizable.,Non-bailable.,Magistrate of the first class.,"Forgery of a record of a Court or of a Registrar of Births, etc., kept by a public servant."
338,,Non-bailable,Magistrate of the first class,no,Non- cognizable. Cognizable.,Non-bailable. Non-bailable.,Magistrate of the first class. Magistrate of the first class.,"Forgery of a valuable security, will, or authority to make or transfer any valuable security, or to receive any money, e"
339,,Bailable,Magistrate of the first class,no,C o g n i zable. Non- cognizable.,Bailable. Bailable.,Magistrate of the first class. Magistrate of the first class.,"Having possession of a document, knowing it to be forged, with intent to use it as genuine; if the document is one of th"
340,Cognizable,Bailable,Magistrate of the first class,yes,Cognizable.,Bailable.,Magistrate of the first class.,Using as genuine a forged document which is known to be forged.
341,Cognizable,Bailable,Magistrate of the first class,yes,Cognizable.,Bailable.,Magistrate of the first class.,"Making or counterfeiting a seal, plate, etc., with intent to commit a forgery punishable under section 338 or possessing"
342,Non-cognizable,Bailable,Magistrate of the first class,yes,Non- c ognizable.,Bailable.,Magistrate of the first class.,Counterfeiting a device or mark used for authenticating documents described in section 338 or possessing counterfeit mar
343,Non-cognizable,Non-bailable,Magistrate of the first class,yes,Non- c ognizable.,Non-bailable.,Magistrate of the first class.,"Fraudulently destroying or defacing, or attempting to destroy or deface, or secreting, a will, etc."
344,Non-cognizable,Bailable,Magistrate of the first class,yes,N o n - cognizable.,Bailable.,Magistrate of the first class.,Falsification of accounts.
345,Non-cognizable,Bailable,Any Magistrate,yes,N o n- cognizable.,Bailable.,Any Magistrate.,Using a false property mark with intent to deceive or injure any person.
346,Non-cognizable,Bailable,Any Magistrate,yes,N o n - cognizable.,Bailable.,Any Magistrate.,"Removing, destroying or defacing property mark with intent to cause injury."
347,Non-cognizable,Bailable,Any Magistrate,yes,N on- cognizable.,Bailable.,Any Magistrate.,"Counterfeiting a property mark used by another, with intent to cause damage or injury."
348,Non-cognizable,Bailable,Magistrate of the first class,yes,N o n - cognizable.,Bailable.,Magistrate of the first class.,"Fraudulently making or having possession of any die, plate or other instrument for counterfeiting any public or private "
349,Non-cognizable,Bailable,Any Magistrate,yes,N o n - cognizable.,Bailable.,Any Magistrate.,Knowingly selling goods marked with a counterfeit property mark.
350,Non-cognizable,Bailable,Any Magistrate,yes,N o n - cognizable.,Bailable.,Any Magistrate.,"Fraudulently making a false mark upon any package or receptacle containing goods, with intent to cause it to be believed"
351,Non-cognizable,Bailable,Any Magistrate,yes,N on- cognizable,Bailable,Any Magistrate.,Criminal intimidation.
352,Non-cognizable,Bailable,Any Magistrate,yes,N o n- cognizable.,Bailable.,Any Magistrate.,Insult intended to provoke breach of the peace.
353,Non-cognizable,Non-bailable,Any Magistrate,yes,N o n- cognizable.,Non-bailable.,Any Magistrate.,"False statement, rumour, etc., circulated with intent to cause mutiny or offence against the public peace."
354,Non-cognizable,Bailable,Any Magistrate,yes,N o n - cognizable.,Bailable.,Any Magistrate.,Act caused by inducing a person to believe that he will be rendered an object of Divine displeasure.
355,Non-cognizable,Bailable,Any Magistrate,yes,Non- cognizable.,Bailable.,Any Magistrate.,"Appearing in a public place, etc., in a state of intoxication, and causing annoyance to any person."
356,Non-cognizable,Bailable,,yes,Non- cognizable. Non- cognizable.,Bailable. Bailable.,Court of Session. Magistrate of the first class.,Defamation against the President or the Vice- President or the Governor of a State or Administrator of a Union territory
357,Non-cognizable,Bailable,Any Magistrate,yes,N o n - cognizable. Bailable or non-By bailable. 3 Non-bailable. Non-bailable. B,Bailable. what court Court of Session. Magistrate of Any Magistrate.] Police Nag,"Any Magistrate. triable. 4 the first class. Station……… Sanhita, 2023, I u/s from","Being bound to attend on or supply the wants of a person who is helpless from youth, unsoundness of mind or disease, and"
